INSERT INTO TravelService.City (city_id, city_name) VALUES (1, 'Ha Noi');
INSERT INTO TravelService.City (city_id, city_name) VALUES (2, 'Ho Chi Minh');
INSERT INTO TravelService.City (city_id, city_name) VALUES (3, 'Vinh');
INSERT INTO TravelService.City (city_id, city_name) VALUES (4, 'Da Nang');
INSERT INTO TravelService.City (city_id, city_name) VALUES (5, 'Hue');
INSERT INTO TravelService.Customer (customer_id, name, id_number, birth_year, city_id) VALUES (1, 'Dung', 2000000, 2000, 1);
INSERT INTO TravelService.Customer (customer_id, name, id_number, birth_year, city_id) VALUES (2, 'Dung1', 2000000, 2000, 2);
INSERT INTO TravelService.Customer (customer_id, name, id_number, birth_year, city_id) VALUES (3, 'Dung2', 2000000, 2000, 3);
INSERT INTO TravelService.Customer (customer_id, name, id_number, birth_year, city_id) VALUES (4, 'Dung3', 2000000, 2000, 4);
INSERT INTO TravelService.Customer (customer_id, name, id_number, birth_year, city_id) VALUES (5, 'Dung5', 2000000, 2000, 5);
INSERT INTO TravelService.Customer (customer_id, name, id_number, birth_year, city_id) VALUES (6, 'Dung6', 2000000, 2000, 5);
INSERT INTO TravelService.Customer (customer_id, name, id_number, birth_year, city_id) VALUES (7, 'Dung7', 2000000, 2000, 2);
INSERT INTO TravelService.Customer (customer_id, name, id_number, birth_year, city_id) VALUES (8, 'Dung8', 2000000, 2000, 3);
INSERT INTO TravelService.Customer (customer_id, name, id_number, birth_year, city_id) VALUES (9, 'Dung9', 2000000, 2000, 1);
INSERT INTO TravelService.Customer (customer_id, name, id_number, birth_year, city_id) VALUES (10, 'Dung10', 2000000, 2000, 4);
INSERT INTO TravelService.Tour (tour_id, tour_code, type_id, price, start_date, end_date) VALUES (1, 'T1', 1, 2121, '2020-03-01', '2020-03-20');
INSERT INTO TravelService.Tour (tour_id, tour_code, type_id, price, start_date, end_date) VALUES (2, 'T2', 2, 21211, '2020-03-21', '2020-05-20');
INSERT INTO TravelService.Tour (tour_id, tour_code, type_id, price, start_date, end_date) VALUES (3, 'T3', 1, 2121, '2020-03-01', '2020-06-20');
INSERT INTO TravelService.Tour (tour_id, tour_code, type_id, price, start_date, end_date) VALUES (4, 'T4', 1, 2121, '2020-03-11', '2020-08-20');
INSERT INTO TravelService.Tour (tour_id, tour_code, type_id, price, start_date, end_date) VALUES (5, 'T5', 1, 2121, '2020-03-01', '2021-03-20');
INSERT INTO TravelService.Tour (tour_id, tour_code, type_id, price, start_date, end_date) VALUES (6, 'T6', 2, 21121, '2020-01-01', '2022-03-20');
INSERT INTO TravelService.Tour (tour_id, tour_code, type_id, price, start_date, end_date) VALUES (7, 'T7', 2, 21121, '2020-01-01', '2020-04-29');
INSERT INTO TravelService.Tour (tour_id, tour_code, type_id, price, start_date, end_date) VALUES (8, 'T8', 2, 21121, '2020-01-01', '2020-03-20');
INSERT INTO TravelService.Tour (tour_id, tour_code, type_id, price, start_date, end_date) VALUES (9, 'T9', 2, 21121, '2019-03-01', '2020-04-30');
INSERT INTO TravelService.Tour (tour_id, tour_code, type_id, price, start_date, end_date) VALUES (10, 'T10', 1, 2121, '2020-03-01', '2020-03-20');
INSERT INTO TravelService.TourLocationDetail (location_detail_id, tour_id, tourist_location_id) VALUES (1, 1, 1);
INSERT INTO TravelService.TourLocationDetail (location_detail_id, tour_id, tourist_location_id) VALUES (2, 2, 2);
INSERT INTO TravelService.TourLocationDetail (location_detail_id, tour_id, tourist_location_id) VALUES (3, 3, 3);
INSERT INTO TravelService.TourLocationDetail (location_detail_id, tour_id, tourist_location_id) VALUES (4, 4, 4);
INSERT INTO TravelService.TourLocationDetail (location_detail_id, tour_id, tourist_location_id) VALUES (5, 5, 5);
INSERT INTO TravelService.TourLocationDetail (location_detail_id, tour_id, tourist_location_id) VALUES (6, 6, 1);
INSERT INTO TravelService.TourLocationDetail (location_detail_id, tour_id, tourist_location_id) VALUES (7, 7, 2);
INSERT INTO TravelService.TourLocationDetail (location_detail_id, tour_id, tourist_location_id) VALUES (8, 8, 3);
INSERT INTO TravelService.TourLocationDetail (location_detail_id, tour_id, tourist_location_id) VALUES (9, 9, 4);
INSERT INTO TravelService.TourLocationDetail (location_detail_id, tour_id, tourist_location_id) VALUES (10, 10, 5);
INSERT INTO TravelService.TourOrder (order_id, tour_id, customer_id, status) VALUES (1, 1, 1, 'a');
INSERT INTO TravelService.TourOrder (order_id, tour_id, customer_id, status) VALUES (2, 2, 2, 'a');
INSERT INTO TravelService.TourOrder (order_id, tour_id, customer_id, status) VALUES (3, 7, 3, 'a');
INSERT INTO TravelService.TourOrder (order_id, tour_id, customer_id, status) VALUES (4, 4, 5, 'a');
INSERT INTO TravelService.TourOrder (order_id, tour_id, customer_id, status) VALUES (5, 5, 4, 'a');
INSERT INTO TravelService.TourOrder (order_id, tour_id, customer_id, status) VALUES (6, 6, 6, 'a');
INSERT INTO TravelService.TourOrder (order_id, tour_id, customer_id, status) VALUES (7, 7, 7, 'aa');
INSERT INTO TravelService.TourOrder (order_id, tour_id, customer_id, status) VALUES (8, 8, 8, 'a');
INSERT INTO TravelService.TourOrder (order_id, tour_id, customer_id, status) VALUES (9, 8, 9, 'a');
INSERT INTO TravelService.TourOrder (order_id, tour_id, customer_id, status) VALUES (10, 9, 10, 'a');
INSERT INTO TravelService.TourType (tour_type_id, type_code, type_name) VALUES (1, 'giare', 'Gia re');
INSERT INTO TravelService.TourType (tour_type_id, type_code, type_name) VALUES (2, 'giadat', 'Gia dat');
INSERT INTO TravelService.TouristLocation (tourist_location_id, location_name, average_price, city_id, description) VALUES (1, 'Pho Co', 2999, 1, 'a');
INSERT INTO TravelService.TouristLocation (tourist_location_id, location_name, average_price, city_id, description) VALUES (2, 'Pho Co2', 2999, 1, 'a');
INSERT INTO TravelService.TouristLocation (tourist_location_id, location_name, average_price, city_id, description) VALUES (3, 'Pho Co3', 2999, 3, 'a');
INSERT INTO TravelService.TouristLocation (tourist_location_id, location_name, average_price, city_id, description) VALUES (4, 'Pho Co4', 2999, 4, 'a');
INSERT INTO TravelService.TouristLocation (tourist_location_id, location_name, average_price, city_id, description) VALUES (5, 'Pho Co5', 2999, 5, 'a');